source_subreddit,target_subreddit,interaction_count,positive_count,negative_count,negative_ratio,future_positive_count,future_negative_count,future_interaction_count,y_true,score,prediction,threshold,case_type,top_contributing_features
drama,askgaybros,17,5,12,0.7058823529411765,0,2,2,1,0.9947153182684152,1,0.72,true_positive,score=0.995; prior_negative_ratio=0.706; prior_negative_count=12; prior_positive_count=5; history_interactions=17
subredditdrama,purplepilldebate,21,8,13,0.6190476190476191,0,1,1,1,0.994444043063395,1,0.72,true_positive,score=0.994; prior_negative_ratio=0.619; prior_negative_count=13; prior_positive_count=8; history_interactions=21
drama,polyamory,1,0,1,1.0,0,1,1,1,0.9942395771509384,1,0.72,true_positive,score=0.994; prior_negative_ratio=1.000; prior_negative_count=1; prior_positive_count=0; history_interactions=1
subredditdrama,anarchism,86,38,48,0.5581395348837209,5,7,12,1,0.9938529102358198,1,0.72,true_positive,score=0.994; prior_negative_ratio=0.558; prior_negative_count=48; prior_positive_count=38; history_interactions=86
subredditdrama,thewalkingdead,27,11,16,0.5925925925925926,0,1,1,1,0.99328864955512,1,0.72,true_positive,score=0.993; prior_negative_ratio=0.593; prior_negative_count=16; prior_positive_count=11; history_interactions=27
drama,adviceanimals,22,11,11,0.5,1,2,3,1,0.9932662886925012,1,0.72,true_positive,score=0.993; prior_negative_ratio=0.500; prior_negative_count=11; prior_positive_count=11; history_interactions=22
subredditdrama,shittykickstarters,15,5,10,0.6666666666666666,0,2,2,1,0.9928700175129584,1,0.72,true_positive,score=0.993; prior_negative_ratio=0.667; prior_negative_count=10; prior_positive_count=5; history_interactions=15
subredditdrama,debatefascism,3,1,2,0.6666666666666666,0,1,1,1,0.99234927975765,1,0.72,true_positive,score=0.992; prior_negative_ratio=0.667; prior_negative_count=2; prior_positive_count=1; history_interactions=3
subredditdrama,ass,4,1,3,0.75,0,1,1,1,0.9921078912431676,1,0.72,true_positive,score=0.992; prior_negative_ratio=0.750; prior_negative_count=3; prior_positive_count=1; history_interactions=4
subredditdrama,collegesluts,1,0,1,1.0,0,2,2,1,0.991732226987498,1,0.72,true_positive,score=0.992; prior_negative_ratio=1.000; prior_negative_count=1; prior_positive_count=0; history_interactions=1
subredditdrama,bettereveryloop,1,0,1,1.0,2,0,2,0,0.9978390428875138,1,0.72,false_positive,score=0.998; prior_negative_ratio=1.000; prior_negative_count=1; prior_positive_count=0; history_interactions=1
subredditdrama,choosingbeggars,2,0,2,1.0,1,0,1,0,0.9961339639687374,1,0.72,false_positive,score=0.996; prior_negative_ratio=1.000; prior_negative_count=2; prior_positive_count=0; history_interactions=2
subredditdrama,canadianforces,2,0,2,1.0,1,0,1,0,0.9955363562377804,1,0.72,false_positive,score=0.996; prior_negative_ratio=1.000; prior_negative_count=2; prior_positive_count=0; history_interactions=2
drama,galaxynote7,1,0,1,1.0,1,1,2,0,0.9954376445044734,1,0.72,false_positive,score=0.995; prior_negative_ratio=1.000; prior_negative_count=1; prior_positive_count=0; history_interactions=1
drama,freefolk,4,2,2,0.5,1,0,1,0,0.9954218131617816,1,0.72,false_positive,score=0.995; prior_negative_ratio=0.500; prior_negative_count=2; prior_positive_count=2; history_interactions=4
subredditdrama,ice_poseidon,1,0,1,1.0,1,0,1,0,0.994997373339752,1,0.72,false_positive,score=0.995; prior_negative_ratio=1.000; prior_negative_count=1; prior_positive_count=0; history_interactions=1
subredditdrama,motorcycles,19,5,14,0.7368421052631579,1,0,1,0,0.9945269418121032,1,0.72,false_positive,score=0.995; prior_negative_ratio=0.737; prior_negative_count=14; prior_positive_count=5; history_interactions=19
drama,clevelandcavs,1,0,1,1.0,1,0,1,0,0.9944128748524056,1,0.72,false_positive,score=0.994; prior_negative_ratio=1.000; prior_negative_count=1; prior_positive_count=0; history_interactions=1
drama,opiates,1,0,1,1.0,1,0,1,0,0.9942191787709922,1,0.72,false_positive,score=0.994; prior_negative_ratio=1.000; prior_negative_count=1; prior_positive_count=0; history_interactions=1
subredditdrama,hotchickswithtattoos,3,0,3,1.0,1,0,1,0,0.9938282419533666,1,0.72,false_positive,score=0.994; prior_negative_ratio=1.000; prior_negative_count=3; prior_positive_count=0; history_interactions=3
retconned,glitch_in_the_matrix,1,1,0,0.0,0,1,1,1,0.0003040157204911,0,0.72,false_negative,score=0.000; prior_negative_ratio=0.000; prior_negative_count=0; prior_positive_count=1; history_interactions=1
marriedredpill,theredpill,79,74,5,0.06329113924050633,1,2,3,1,0.004054337475295,0,0.72,false_negative,score=0.004; prior_negative_ratio=0.063; prior_negative_count=5; prior_positive_count=74; history_interactions=79
pussified,legaladvice,126,101,25,0.1984126984126984,2,3,5,1,0.0146430787300729,0,0.72,false_negative,score=0.015; prior_negative_ratio=0.198; prior_negative_count=25; prior_positive_count=101; history_interactions=126
dogecoin,cryptocurrency,33,32,1,0.030303030303030304,0,1,1,1,0.0223366069520456,0,0.72,false_negative,score=0.022; prior_negative_ratio=0.030; prior_negative_count=1; prior_positive_count=32; history_interactions=33
bitcoin,technology,38,37,1,0.02631578947368421,0,1,1,1,0.0260909864927336,0,0.72,false_negative,score=0.026; prior_negative_ratio=0.026; prior_negative_count=1; prior_positive_count=37; history_interactions=38
thebluepill,asktrp,201,134,67,0.3333333333333333,6,8,14,1,0.0418161590724728,0,0.72,false_negative,score=0.042; prior_negative_ratio=0.333; prior_negative_count=67; prior_positive_count=134; history_interactions=201
linux_gaming,games,18,18,0,0.0,0,1,1,1,0.0448888343439856,0,0.72,false_negative,score=0.045; prior_negative_ratio=0.000; prior_negative_count=0; prior_positive_count=18; history_interactions=18
buttcoin,darknetmarkets,79,58,21,0.26582278481012656,7,8,15,1,0.0449131534628584,0,0.72,false_negative,score=0.045; prior_negative_ratio=0.266; prior_negative_count=21; prior_positive_count=58; history_interactions=79
drugscirclejerk,psychonaut,44,39,5,0.11363636363636363,1,2,3,1,0.0474630002728836,0,0.72,false_negative,score=0.047; prior_negative_ratio=0.114; prior_negative_count=5; prior_positive_count=39; history_interactions=44
android,gamedev,2,2,0,0.0,0,1,1,1,0.0528965218268672,0,0.72,false_negative,score=0.053; prior_negative_ratio=0.000; prior_negative_count=0; prior_positive_count=2; history_interactions=2
